id,name,address,lat,long,cat,note
1,杉並第一小学校,東京都杉並区阿佐谷北1-5-27,35.705578,139.637253,school,区立
2,杉並第二小学校,東京都杉並区成田西3-4-1,35.692657,139.632004,school,区立
3,杉並第三小学校,東京都杉並区高円寺南1-15-13,35.699902,139.656189,school,区立
4,杉並第六小学校,東京都杉並区阿佐谷南1-24-21,35.701462,139.643661,school,区立
5,杉並第七小学校,東京都杉並区阿佐谷南3-19-2,35.702026,139.63118,school,区立
6,杉並第九小学校,東京都杉並区本天沼1-2-19,35.71291,139.633209,school,区立
7,杉並第十小学校,東京都杉並区和田3-55-49,35.697144,139.657852,school,区立
8,西田小学校,東京都杉並区荻窪1-38-15,35.694637,139.621353,school,区立
9,東田小学校,東京都杉並区成田東1-21-1,35.691303,139.638962,school,区立
10,馬橋小学校,東京都杉並区高円寺北4-28-5,35.708103,139.642853,school,区立
11,桃井第一小学校,東京都杉並区桃井2-6-1,35.711864,139.609329,school,区立
12,桃井第二小学校,東京都杉並区荻窪5-10-25,35.70113,139.618179,school,区立
13,桃井第三小学校,東京都杉並区西荻北2-10-7,35.704948,139.602112,school,区立
14,桃井第四小学校,東京都杉並区善福寺3-3-5,35.716465,139.594452,school,区立
15,桃井第五小学校,東京都杉並区下井草4-22-4,35.721508,139.619675,school,区立
16,四宮小学校,東京都杉並区上井草2-12-26,35.721352,139.610535,school,区立
17,荻窪小学校,東京都杉並区宮前2-13-18,35.695236,139.611282,school,区立
18,井荻小学校,東京都杉並区善福寺1-10-19,35.712101,139.596313,school,区立
19,沓掛小学校,東京都杉並区清水3-1-9,35.715992,139.620392,school,区立
20,高井戸小学校,東京都杉並区高井戸西2-2-1,35.684071,139.614853,school,区立
21,高井戸第二小学校,東京都杉並区久我山4-49-1,35.691517,139.599518,school,区立
22,高井戸第三小学校,東京都杉並区下高井戸4-16-24,35.671818,139.631348,school,区立
23,高井戸第四小学校,東京都杉並区西荻南1-8-16,35.698547,139.60199,school,区立
24,松庵小学校,東京都杉並区松庵2-23-24,35.700729,139.593002,school,区立
25,浜田山小学校,東京都杉並区浜田山4-23-1,35.685524,139.629303,school,区立
26,富士見丘小学校,東京都杉並区久我山2-19-1,35.682739,139.605118,school,区立
27,大宮小学校,東京都杉並区堀ノ内1-12-16,35.683456,139.648773,school,区立
28,堀之内小学校,東京都杉並区堀ノ内3-24-11,35.693169,139.646454,school,区立
29,和田小学校,東京都杉並区和田2-30-21,35.690556,139.657562,school,区立
30,方南小学校,東京都杉並区方南1-52-14,35.678997,139.657486,school,区立
31,済美小学校,東京都杉並区堀ノ内1-17-24,35.68594,139.649643,school,区立
32,八成小学校,東京都杉並区井草2-25-4,35.727657,139.619537,school,区立
33,三谷小学校,東京都杉並区上井草3-14-12,35.719826,139.601486,school,区立
34,松ノ木小学校,東京都杉並区松ノ木1-2-26,35.687653,139.642517,school,区立
35,高井戸東小学校,東京都杉並区高井戸東1-12-1,35.679504,139.619858,school,区立
36,久我山小学校,東京都杉並区久我山5-18-7,35.68589,139.606003,school,区立
37,天沼小学校,東京都杉並区天沼2-46-3,35.710369,139.623306,school,区立
38,永福小学校,東京都杉並区永福2-16-33,35.673569,139.639862,school,区立
39,新泉和泉小学校(杉並和泉学園),東京都杉並区和泉2-17-14,35.674934,139.648163,school,区立小中一貫
40,高円寺小学校(高円寺学園),東京都杉並区高円寺北1-4-11,35.706348,139.654785,school,区立小中一貫
41,高南中学校,東京都杉並区和田3-40-10,35.695606,139.657623,school,区立
42,杉森中学校,東京都杉並区阿佐谷北5-45-24,35.712135,139.641022,school,区立
43,阿佐ヶ谷中学校,東京都杉並区阿佐谷南1-17-3,35.700443,139.636032,school,区立
44,東田中学校,東京都杉並区成田東3-19-17,35.694511,139.634476,school,区立
45,松溪中学校,東京都杉並区荻窪2-3-1,35.695835,139.62291,school,区立
46,天沼中学校,東京都杉並区本天沼3-10-20,35.712505,139.620361,school,区立
47,東原中学校,東京都杉並区下井草1-28-5,35.717056,139.630951,school,区立
48,中瀬中学校,東京都杉並区下井草4-3-29,35.718735,139.620331,school,区立
49,井荻中学校,東京都杉並区今川2-13-24,35.717361,139.610886,school,区立
50,井草中学校,東京都杉並区上井草3-20-11,35.721413,139.602188,school,区立
51,荻窪中学校,東京都杉並区善福寺1-8-3,35.709686,139.596359,school,区立
52,神明中学校,東京都杉並区南荻窪2-37-28,35.700668,139.610336,school,区立
53,宮前中学校,東京都杉並区宮前2-12-1,35.692772,139.610748,school,区立
54,富士見丘中学校,東京都杉並区上高井戸2-16-13,35.679512,139.606506,school,区立
55,高井戸中学校,東京都杉並区高井戸東1-28-1,35.679974,139.622894,school,区立
56,向陽中学校,東京都杉並区下高井戸3-24-1,35.672333,139.63472,school,区立
57,松ノ木中学校,東京都杉並区松ノ木1-4-1,35.686924,139.641632,school,区立
58,大宮中学校,東京都杉並区堀ノ内1-16-38,35.68568,139.648804,school,区立
59,泉南中学校,東京都杉並区堀ノ内1-3-1,35.683929,139.656006,school,区立
60,和田中学校,東京都杉並区和田2-21-8,35.689598,139.658508,school,区立
61,西宮中学校,東京都杉並区宮前5-1-25,35.692722,139.601807,school,区立
62,和泉中学校(杉並和泉学園),東京都杉並区和泉2-17-14,35.674934,139.648163,school,区立小中一貫
63,高円寺中学校(高円寺学園),東京都杉並区高円寺北1-4-11,35.706348,139.654785,school,区立小中一貫
64,阿佐谷幼稚園,東京都杉並区阿佐谷北5-13-2,35.709446,139.641953,youchien,私立
65,井荻聖母幼稚園,東京都杉並区井草4-19-21,35.728634,139.612976,youchien,私立
66,井草幼稚園,東京都杉並区善福寺1-17-1,35.713161,139.598999,youchien,私立
67,和泉町幼稚園,東京都杉並区和泉2-25-7,35.672348,139.652145,youchien,私立
68,大宮幼稚園,東京都杉並区大宮2-3-1,35.682518,139.639923,youchien,私立
69,観泉寺幼稚園,東京都杉並区今川2-20-7,35.718136,139.606583,youchien,私立
70,玉成幼稚園,東京都杉並区松庵1-9-33,35.694145,139.592712,youchien,私立
71,久我山幼稚園,東京都杉並区久我山3-37-24,35.68895,139.596832,youchien,私立
72,くまの幼稚園,東京都杉並区和泉3-21-29,35.676231,139.648468,youchien,私立
73,光塩幼稚園,東京都杉並区高円寺南1-28-4,35.700272,139.661011,youchien,私立
74,國學院大學附属幼稚園,東京都杉並区久我山1-9-1,35.683418,139.593933,youchien,私立
75,杉並幼稚園,東京都杉並区阿佐谷南2-4-36,35.702576,139.64267,youchien,私立
76,杉並教会幼稚園,東京都杉並区和田3-48-8,35.696938,139.658875,youchien,私立
77,杉並東洋幼稚園,東京都杉並区成田東3-7-36,35.693016,139.638992,youchien,私立
78,杉並日の出幼稚園,東京都杉並区成田西2-12-29,35.690548,139.624054,youchien,私立
79,聖心学園幼稚園,東京都杉並区高円寺南2-32-30,35.699436,139.652863,youchien,私立
80,世尊院幼稚園,東京都杉並区阿佐谷北1-26-18,35.707417,139.636536,youchien,私立
81,高千穂幼稚園,東京都杉並区大宮2-19-1,35.682804,139.638245,youchien,私立
82,たから幼稚園,東京都杉並区西荻南1-12-12,35.697674,139.60434,youchien,私立
83,常盤ヶ丘幼稚園,東京都杉並区高井戸東3-5-23,35.682869,139.621933,youchien,私立
84,中瀬幼稚園,東京都杉並区下井草4-20-3,35.721516,139.617874,youchien,私立
85,西荻学園幼稚園,東京都杉並区西荻北2-11-3,35.705173,139.601196,youchien,私立
86,西荻まこと幼稚園,東京都杉並区松庵3-37-14,35.702385,139.598648,youchien,私立
87,日本大学幼稚園,東京都杉並区天沼1-31-14,35.707664,139.627853,youchien,私立
88,のぞみ幼稚園,東京都杉並区阿佐谷北6-25-17,35.714458,139.638016,youchien,私立
89,八幡幼稚園,東京都杉並区善福寺1-33-11,35.716282,139.594131,youchien,私立
90,ひこばえ幼稚園,東京都杉並区井草1-45-15,35.729622,139.623962,youchien,私立
91,富士幼稚園,東京都杉並区南荻窪4-5-7,35.698635,139.614243,youchien,私立
92,宝陽幼稚園,東京都杉並区上高井戸2-16-31,35.678795,139.607361,youchien,私立
93,明愛幼稚園,東京都杉並区和田1-61-18,35.694633,139.664795,youchien,私立
94,桃井幼稚園,東京都杉並区清水2-18-16,35.715073,139.614685,youchien,私立
95,レストナック幼稚園,東京都杉並区和泉2-41-18,35.676582,139.652634,youchien,私立
96,下高井戸子供園,東京都杉並区下高井戸4-38-15,35.674595,139.630402,youchien,区立子供園
97,堀ノ内子供園,東京都杉並区堀ノ内1-9-26,35.684128,139.650436,youchien,区立子供園
98,高円寺北子供園,東京都杉並区高円寺北2-14-13,35.706806,139.652985,youchien,区立子供園
99,成田西子供園,東京都杉並区成田西2-24-21,35.690727,139.629929,youchien,区立子供園
100,高井戸西子供園,東京都杉並区高井戸西3-15-4,35.687698,139.610397,youchien,区立子供園
101,西荻北子供園,東京都杉並区西荻北1-19-22,35.707855,139.607346,youchien,区立子供園
102,阿佐谷東保育園,東京都杉並区阿佐谷南1-42-7,35.701862,139.639648,hoiku,区立
103,荻窪東保育園,東京都杉並区荻窪4-23-20,35.701664,139.624146,hoiku,区立
104,高円寺東保育園,東京都杉並区高円寺南2-40-24,35.70129,139.650513,hoiku,区立
105,下井草保育園,東京都杉並区下井草3-13-9,35.719303,139.624329,hoiku,区立
106,松庵保育園,東京都杉並区松庵2-23-34,35.699749,139.593536,hoiku,区立
107,浜田山保育園,東京都杉並区浜田山4-18-31,35.687649,139.626328,hoiku,区立
108,宮前保育園,東京都杉並区宮前2-24-38,35.6931,139.614777,hoiku,区立
109,阿佐谷北保育園,東京都杉並区下井草1-25-9,35.715843,139.630371,hoiku,区立(名称と住所地名の不一致あり・要一次確認)
110,阿佐谷南保育園,東京都杉並区阿佐谷南3-12-12,35.703136,139.628998,hoiku,区立
111,今川保育園,東京都杉並区今川3-3-18,35.715576,139.605927,hoiku,区立
112,永福南保育園,東京都杉並区永福2-6-12,35.671764,139.639374,hoiku,区立
113,上荻保育園,東京都杉並区上荻1-20-13,35.706184,139.61673,hoiku,区立
114,久我山保育園,東京都杉並区久我山5-8-8,35.688221,139.601364,hoiku,区立
115,久我山東保育園,東京都杉並区久我山5-17-17,35.687885,139.607452,hoiku,区立
116,善福寺保育園,東京都杉並区善福寺2-26-18,35.71347,139.588577,hoiku,区立
117,高井戸東保育園,東京都杉並区高井戸東3-14-9,35.68309,139.624313,hoiku,区立
118,堀ノ内保育園,東京都杉並区堀ノ内2-8-7,35.686466,139.652908,hoiku,区立
119,本天沼保育園,東京都杉並区本天沼3-34-35,35.716278,139.623199,hoiku,区立
120,井草保育園,東京都杉並区井草2-15-15,35.727169,139.619705,hoiku,区立
121,和泉保育園,東京都杉並区和泉4-16-22,35.679348,139.650269,hoiku,区立
122,大宮前保育園,東京都杉並区宮前5-19-8,35.694881,139.601151,hoiku,区立
123,荻窪南保育園,東京都杉並区荻窪1-1-6,35.690765,139.620697,hoiku,区立
124,四宮保育園,東京都杉並区上井草2-28-3,35.722507,139.608994,hoiku,区立
125,成田保育園,東京都杉並区成田西1-28-18,35.690483,139.631592,hoiku,区立
126,西荻北保育園,東京都杉並区西荻北2-27-18,35.707394,139.602798,hoiku,区立
127,松ノ木保育園,東京都杉並区松ノ木2-33-6,35.692215,139.645889,hoiku,区立
128,和田保育園,東京都杉並区和田1-66-19,35.695194,139.662384,hoiku,区立
129,頌栄しらゆり保育園,東京都杉並区桃井2-19-2,35.713928,139.608734,hoiku,私立認可
130,頌栄しらゆり保育園杉並分園,東京都杉並区桃井4-3-2,35.712227,139.602219,hoiku,私立認可分園
131,杉並さゆり保育園,東京都杉並区高円寺北4-34-22,35.709213,139.64534,hoiku,私立認可
132,杉並さゆり保育園幼児分園,東京都杉並区高円寺北4-33-1,35.709126,139.645706,hoiku,私立認可分園
133,杉並の家保育園浜田山駅前分園,東京都杉並区浜田山3-35-38,35.6842,139.627411,hoiku,私立認可分園
134,杉並の家保育園,東京都杉並区浜田山4-31-5,35.683613,139.632477,hoiku,私立認可
135,AIAI NURSERY荻窪保育園,東京都杉並区荻窪5-15-21,35.703278,139.616745,hoiku,私立認可
136,アイグラン保育園久我山,東京都杉並区久我山5-28-13,35.689022,139.606094,hoiku,私立認可
137,アイグラン保育園下井草,東京都杉並区下井草3-13-5,35.71899,139.624573,hoiku,私立認可
138,アウル宮前保育園,東京都杉並区宮前2-11-11,35.692944,139.609833,hoiku,私立認可
139,阿佐谷保育園,東京都杉並区阿佐谷北3-36-20,35.711555,139.63382,hoiku,私立認可
140,阿佐ヶ谷たいよう保育園,東京都杉並区阿佐谷南1-48-5,35.703632,139.636642,hoiku,私立認可
141,アスクおぎくぼ保育園,東京都杉並区清水1-18-11,35.710159,139.616882,hoiku,私立認可
142,アスク上高井戸保育園都会のふるさと,東京都杉並区上高井戸1-7-6,35.670635,139.615265,hoiku,私立認可
143,アスク西荻南保育園,東京都杉並区西荻南1-6-3,35.696789,139.600479,hoiku,私立認可
144,和泉ここわ保育園,東京都杉並区和泉2-17-5,35.673931,139.648056,hoiku,私立認可
145,うぃず阿佐ケ谷駅前保育園,東京都杉並区阿佐谷北1-15-3,35.707485,139.639145,hoiku,私立認可
146,うぃず杉並和泉保育園,東京都杉並区和泉2-42-12,35.677177,139.652328,hoiku,私立認可
147,うぃず成田東保育園,東京都杉並区成田東3-17-32,35.692139,139.634094,hoiku,私立認可
148,ウィズブック保育園東高円寺,東京都杉並区高円寺南2-34-14,35.699261,139.653931,hoiku,私立認可
149,うぃず本天沼保育園,東京都杉並区本天沼2-42-24,35.715767,139.628418,hoiku,私立認可
150,永福ここわ保育園,東京都杉並区和泉2-23-4,35.673962,139.651093,hoiku,私立認可
151,大空と大地のなーさりぃ下井草駅前園,東京都杉並区井草1-6-11,35.724918,139.623413,hoiku,私立認可
152,荻窪北保育園,東京都杉並区荻窪5-17-8,35.703648,139.61795,hoiku,私立認可
153,荻窪コスモ保育園(本園),東京都杉並区荻窪5-6-5,35.701267,139.618362,hoiku,私立認可
154,荻窪すきっぷ保育園,東京都杉並区荻窪2-28,35.697231,139.618866,hoiku,私立認可
155,荻窪りとるぱんぷきんず保育園,東京都杉並区荻窪3-7-29,35.696812,139.625595,hoiku,私立認可
156,上井草保育園,東京都杉並区上井草3-25-19,35.722748,139.59903,hoiku,私立認可
157,キッズガーデン杉並和泉,東京都杉並区和泉3-15-4,35.677536,139.644775,hoiku,私立認可
158,キッズガーデン浜田山,東京都杉並区浜田山2-7-14,35.677223,139.62709,hoiku,私立認可
159,キッズフォレ西荻窪,東京都杉並区西荻北2-15-12,35.705452,139.603302,hoiku,私立認可
160,HOPPA阿佐谷南保育園,東京都杉並区阿佐谷南1-9-8,35.69891,139.638306,hoiku,私立認可
161,グローバルキッズ荻窪保育園,東京都杉並区阿佐谷南3-13-12,35.703732,139.628036,hoiku,私立認可
162,グローバルキッズ松庵園,東京都杉並区松庵2-23-6,35.698837,139.592178,hoiku,私立認可
163,グローバルキッズ浜田山園,東京都杉並区浜田山3-22,35.680981,139.629944,hoiku,私立認可
164,京王キッズプラッツ永福町,東京都杉並区永福2-60-31,35.675938,139.643661,hoiku,私立認可
165,高円寺南保育園,東京都杉並区高円寺南4-44-11,35.70509,139.651306,hoiku,私立認可
166,高円寺りとるぱんぷきんず保育園,東京都杉並区高円寺北1-27-3,35.708344,139.657089,hoiku,私立認可
167,佼成育子園,東京都杉並区和田1-16-7,35.69062,139.66452,hoiku,私立認可
168,Gakkenほいくえん浜田山,東京都杉並区浜田山3-18-8,35.682903,139.630356,hoiku,私立認可
169,Gakkenほいくえん桃井,東京都杉並区桃井4-7-17,35.713997,139.600708,hoiku,私立認可
170,コンビプラザ高円寺北保育園,東京都杉並区高円寺北2-32-7,35.708252,139.652695,hoiku,私立認可
171,コンビプラザ桃井保育園,東京都杉並区桃井3-7-3,35.712715,139.606125,hoiku,私立認可
172,コンビプラザ善福寺保育園,東京都杉並区善福寺1-16-19,35.713875,139.59906,hoiku,私立認可
173,さくらさくみらい西永福保育園,東京都杉並区大宮2-10-25,35.682018,139.63736,hoiku,私立認可
174,さくらさくみらい堀ノ内保育園,東京都杉並区堀ノ内3-5-12,35.691666,139.651749,hoiku,私立認可
175,下高井戸保育園,東京都杉並区下高井戸3-31-11,35.674648,139.631424,hoiku,私立認可
176,下高井戸ここわ保育園,東京都杉並区下高井戸2-6,35.668251,139.636642,hoiku,私立認可(区南端付近で緯度が範囲外・要確認)
177,小学館アカデミーにしおぎ駅前保育園,東京都杉並区松庵3-35-15,35.703377,139.597549,hoiku,私立認可
178,小学館アカデミーにしおぎ南保育園,東京都杉並区西荻南4-14-4,35.701305,139.604492,hoiku,私立認可
179,上水保育園(私立),東京都杉並区高井戸東2-3-4,35.677135,139.615524,hoiku,私立認可
180,上水保育園西荻分園,東京都杉並区西荻北3-5-5,35.704208,139.597641,hoiku,私立認可分園
181,杉並井荻雲母保育園,東京都杉並区今川1-15-16,35.717941,139.611404,hoiku,私立認可
182,杉並大宙みたけ保育園,東京都杉並区上高井戸2-12-30,35.677765,139.609039,hoiku,私立認可
183,杉並元氣保育園,東京都杉並区上井草4-6-6,35.717934,139.594193,hoiku,私立認可
184,杉並コスモス保育園,東京都杉並区成田東4-24-2,35.695286,139.638123,hoiku,私立認可
185,杉並たかいどいちご保育園,東京都杉並区高井戸東4-5-7,35.688164,139.619125,hoiku,私立認可
186,杉並の家ことり保育園,東京都杉並区浜田山4-9-15,35.683487,139.632858,hoiku,私立認可
187,杉並の家ちゅうりっぷ保育園,東京都杉並区浜田山2-23-13,35.680946,139.628708,hoiku,私立認可
188,杉並ゆりかご保育園,東京都杉並区成田東1-18-8,35.690994,139.640549,hoiku,私立認可
189,テンダーラビング保育園天沼,東京都杉並区本天沼3-13-21,35.712326,139.621902,hoiku,私立認可
190,東京立正保育園,東京都杉並区松ノ木2-29-19,35.690334,139.645935,hoiku,私立認可
191,成田コスモ保育園,東京都杉並区成田西3-8-12,35.693943,139.631104,hoiku,私立認可
192,Nicot井荻保育園,東京都杉並区井草3-1-8,35.724869,139.615555,hoiku,私立認可
193,にじいろ保育園上井草,東京都杉並区上井草1-32-5,35.724556,139.612762,hoiku,私立認可
194,にじいろ保育園浜田山,東京都杉並区浜田山3-17-8,35.682693,139.630875,hoiku,私立認可
195,にじいろ保育園南荻窪,東京都杉並区南荻窪2-33-5,35.699734,139.60849,hoiku,私立認可
196,西荻窪きらきら保育園,東京都杉並区西荻南4-30-9,35.703598,139.60498,hoiku,私立認可
197,にじのいるか保育園杉並井草,東京都杉並区下井草5-7-19,35.720974,139.616913,hoiku,私立認可
198,にじのいるか保育園杉並松の木,東京都杉並区松ノ木1-12-39,35.690025,139.64325,hoiku,私立認可
199,パピーナ荻窪北口保育園,東京都杉並区天沼3-6-27,35.706856,139.620026,hoiku,私立認可
200,パピーナ久我山保育園,東京都杉並区久我山3-1-24,35.685001,139.598709,hoiku,私立認可
201,パピーナ西荻北保育園,東京都杉並区西荻北2-4-8,35.705044,139.601303,hoiku,私立認可
202,パピーナ本天沼保育園,東京都杉並区本天沼3-35-4,35.714569,139.62352,hoiku,私立認可
203,Picoナーサリ久我山,東京都杉並区久我山3-37-24,35.68895,139.596832,hoiku,私立認可
204,Picoナーサリ久我山駅前,東京都杉並区久我山4-2-15,35.689037,139.59848,hoiku,私立認可
205,Picoナーサリ新高円寺,東京都杉並区梅里2-24-6,35.69709,139.643036,hoiku,私立認可
206,Picoナーサリ玉川上水公園,東京都杉並区久我山1-6-12,35.682964,139.598221,hoiku,私立認可
207,Picoナーサリ和田堀公園,東京都杉並区大宮1-20-22,35.687294,139.645035,hoiku,私立認可
208,ピノキオ幼児舎阿佐谷北,東京都杉並区阿佐谷北6-26-13,35.715042,139.63826,hoiku,私立認可
209,ピノキオ幼児舎井荻,東京都杉並区井草4-15-16,35.727928,139.610397,hoiku,私立認可
210,ピノキオ幼児舎井草,東京都杉並区井草3-17-14,35.727619,139.614288,hoiku,私立認可
211,ピノキオ幼児舎浜田山,東京都杉並区浜田山3-27-2,35.682968,139.628082,hoiku,私立認可
212,ピノキオ幼児舎桃井,東京都杉並区上荻4-29-15,35.711903,139.602509,hoiku,私立認可
213,ピノキオ幼児舎和田,東京都杉並区和田2-21-8,35.689598,139.658508,hoiku,私立認可
214,ふたばクラブ浜田山駅前保育園,東京都杉並区浜田山3-24-4,35.681553,139.628616,hoiku,私立認可
215,ふたばクラブ浜田山柏の宮保育園,東京都杉並区浜田山2-8-11,35.677525,139.627213,hoiku,私立認可
216,保育センターこどもの木かげ野のはな空のとり,東京都杉並区松庵1-9-33,35.694145,139.592712,hoiku,私立認可
217,方南隣保館保育園,東京都杉並区方南1-4-7,35.6744,139.660507,hoiku,私立認可
218,ポピンズナーサリースクール阿佐ヶ谷,東京都杉並区阿佐谷北5-2-1,35.706924,139.640976,hoiku,私立認可
219,ポピンズナーサリースクール久我山,東京都杉並区久我山5-12-23,35.687641,139.605576,hoiku,私立認可
220,ポピンズナーサリースクール方南町,東京都杉並区方南2-14-1,35.683208,139.659195,hoiku,私立認可
221,まなびの森保育園永福町,東京都杉並区和泉4-13,35.677814,139.650925,hoiku,私立認可
222,まなびの森保育園荻窪,東京都杉並区荻窪4-11-23,35.700756,139.620575,hoiku,私立認可
223,まなびの森保育園高井戸,東京都杉並区高井戸西1-9-4,35.679111,139.61055,hoiku,私立認可
224,馬橋保育園,東京都杉並区高円寺南3-16-14,35.699814,139.645233,hoiku,私立認可
225,マミー高円寺保育園,東京都杉並区高円寺南2-40-45,35.701424,139.652542,hoiku,私立認可
226,宮前おおぞら保育園,東京都杉並区宮前2-24-22,35.693542,139.61467,hoiku,私立認可
227,むさしの保育園,東京都杉並区和田1-8-20,35.68821,139.662903,hoiku,私立認可
228,むさしの保育園方南分園,東京都杉並区方南1-51-2,35.678551,139.660492,hoiku,私立認可分園
229,明愛保育園,東京都杉並区和田1-61-15,35.695137,139.664597,hoiku,私立認可
230,もりのなかま保育園松ノ木園,東京都杉並区松ノ木1-2-23,35.687687,139.642014,hoiku,私立認可
231,山吹あさがやきた保育園,東京都杉並区阿佐谷北3-29-12,35.711128,139.631302,hoiku,私立認可
232,ゆめの樹保育園おぎくぼ,東京都杉並区荻窪1-3-16,35.69173,139.619797,hoiku,私立認可
233,ゆめの樹保育園たかいどにし,東京都杉並区高井戸西1-1-32,35.677963,139.614243,hoiku,私立認可
234,ゆめの樹保育園なりたにし,東京都杉並区成田西2-24-20,35.690659,139.629745,hoiku,私立認可
235,ゆらりん荻窪保育園,東京都杉並区上荻1-21-20,35.705841,139.616669,hoiku,私立認可
236,よつぎ永福保育園,東京都杉並区永福1-7,35.669762,139.642563,hoiku,私立認可(区南端付近で緯度が範囲外・要確認)
237,ラ・プリマブランカえいふく保育園,東京都杉並区永福2-17-12,35.67329,139.640442,hoiku,私立認可
238,レイモンド下高井戸保育園,東京都杉並区下高井戸3-23,35.673382,139.633789,hoiku,私立認可
239,レイモンド中瀬保育園,東京都杉並区下井草4-25-10,35.722935,139.619293,hoiku,私立認可
240,和田ここわ保育園,東京都杉並区和田1-5-7,35.689068,139.662659,hoiku,私立認可
241,井荻保育園,東京都杉並区善福寺1-5-17,35.71096,139.598816,hoiku,私立認可
242,頌栄保育園,東京都杉並区上荻3-15-12,35.708763,139.609253,hoiku,私立認可
243,Agape井草保育園,東京都杉並区井草1-31-9,35.726665,139.621765,hoiku,私立認可
244,聖心保育園,東京都杉並区桃井2-24-18,35.714722,139.611038,hoiku,私立認可
245,樹保育園,東京都杉並区上荻3-22-13,35.709728,139.609802,hoiku,私立認可
246,荻窪保育園,東京都杉並区南荻窪2-25-17,35.698788,139.612732,hoiku,私立認可
247,AIAI NURSERY西荻窪保育園,東京都杉並区松庵3-15-3,35.700676,139.593369,hoiku,私立認可
248,アイグラン保育園上荻,東京都杉並区上荻1-22-9,35.706139,139.615723,hoiku,私立認可
249,ウィズブック保育園高円寺南,東京都杉並区高円寺南5-23-25,35.703236,139.656586,hoiku,私立認可
250,ヴィラまなびの森保育園高井戸,東京都杉並区高井戸西2-7,35.684566,139.609802,hoiku,私立認可
251,えがおの森保育園・あさがや,東京都杉並区阿佐谷北4-21-9,35.712246,139.633972,hoiku,私立認可
252,エンジェル高円寺保育園,東京都杉並区高円寺南3-38-14,35.702927,139.64621,hoiku,私立認可
253,大空と大地のなーさりぃ高円寺南園,東京都杉並区高円寺南4-37-23,35.704247,139.654312,hoiku,私立認可
254,大空と大地のなーさりぃ中野富士見町駅前園,東京都杉並区和田1-1-6,35.690102,139.665588,hoiku,私立認可(区東端付近で経度が範囲外・要確認)
255,かえで保育園杉並いずみ,東京都杉並区和泉4-42-23,35.682129,139.655746,hoiku,私立認可
256,キッズガーデン阿佐谷南,東京都杉並区阿佐谷南1-19-13,35.700253,139.638824,hoiku,私立認可
257,キッズガーデン高円寺北,東京都杉並区高円寺北2-2-4,35.705601,139.65239,hoiku,私立認可
258,キッズガーデン杉並堀ノ内,東京都杉並区堀ノ内3-16-1,35.691437,139.649765,hoiku,私立認可
259,きらきらぼし保育園,東京都杉並区清水2-17-11,35.714302,139.615723,hoiku,私立認可
260,さくらさくみらい荻窪保育園,東京都杉並区荻窪3-28-5,35.699684,139.627304,hoiku,私立認可
261,下井草すきっぷ保育園,東京都杉並区井草2-17-12,35.726158,139.621567,hoiku,私立認可
262,上水保育園,東京都杉並区清水3-22-11,35.717312,139.619019,hoiku,私立認可
263,杉並保育園,東京都杉並区梅里2-34-22,35.696522,139.641617,hoiku,私立認可
264,杉並西荻窪雲母保育園,東京都杉並区西荻南1-1-27,35.695747,139.603836,hoiku,私立認可
265,杉並の家けやき保育園,東京都杉並区浜田山1-33-1,35.678055,139.633392,hoiku,私立認可
266,杉並の家さくら保育園,東京都杉並区成田東4-9-19,35.69828,139.634674,hoiku,私立認可
267,すぎなみのぞみ保育園,東京都杉並区桃井4-13-19,35.713985,139.604599,hoiku,私立認可
268,杉並ひまわり保育園,東京都杉並区成田東3-32-26,35.694431,139.639114,hoiku,私立認可
269,第二永福ここわ保育園,東京都杉並区和泉2-23-3,35.673836,139.65123,hoiku,私立認可
270,ちゃいれっく和泉保育園,東京都杉並区和泉4-44-6,35.681496,139.653305,hoiku,私立認可
271,同援いぐさ保育園,東京都杉並区井草5-6-16,35.725655,139.604584,hoiku,私立認可
272,にじいろ保育園荻窪一丁目,東京都杉並区荻窪1-57-3,35.694893,139.627151,hoiku,私立認可
273,のはら保育園,東京都杉並区阿佐谷南1-14-8,35.699722,139.636902,hoiku,私立認可
274,パピーナ荻窪天沼保育園,東京都杉並区天沼3-15,35.708416,139.618301,hoiku,私立認可
275,パピーナ南荻窪保育園,東京都杉並区南荻窪4-42-4,35.70359,139.615112,hoiku,私立認可
276,ぴっころきっず西荻窪北口園,東京都杉並区西荻北2-5-3,35.704182,139.602615,hoiku,私立認可
277,ひのまるキッズガーデンナーサリー,東京都杉並区荻窪5-17-15,35.70343,139.618759,hoiku,私立認可
278,ベネッセ杉並和泉保育園,東京都杉並区和泉2-32-6,35.674419,139.654343,hoiku,私立認可
279,ベネッセ西荻窪保育園,東京都杉並区西荻北1-5-7,35.704433,139.605194,hoiku,私立認可
280,まことたかいど保育園,東京都杉並区高井戸西1-26-1,35.681988,139.613556,hoiku,私立認可
281,マミーズエンジェル高円寺駅前保育園,東京都杉並区高円寺北3-20-4,35.706528,139.64859,hoiku,私立認可
282,マミーズエンジェル高円寺通り保育園,東京都杉並区高円寺北2-41-21,35.709419,139.65065,hoiku,私立認可
283,マリア保育園,東京都杉並区高円寺北2-2-18,35.706364,139.652451,hoiku,私立認可
284,ミアヘルサ保育園ひびき永福町,東京都杉並区永福2-54-8,35.676399,139.641663,hoiku,私立認可
285,おぎぶんコスモ(分園),東京都杉並区天沼3-11-1,35.706982,139.617142,hoiku,私立認可分園
286,AIAI NURSERY西荻北保育園,東京都杉並区西荻北5-3-4,35.708305,139.599167,hoiku,私立認可
287,まなびの森保育園本天沼,東京都杉並区本天沼2-31-11,35.714817,139.625366,hoiku,私立認可
288,ピノキオ幼児舎荻窪,東京都杉並区上荻1-14-12,35.705498,139.617889,hoiku,私立認可
289,ピノキオ幼児舎高円寺南,東京都杉並区高円寺南2-35-10,35.699581,139.654144,hoiku,私立認可
290,大宮保育園,東京都杉並区大宮2-16-16,35.683388,139.636368,hoiku,私立認可
291,高井戸保育園,東京都杉並区高井戸西1-31-3,35.682934,139.611603,hoiku,私立認可
292,ちゃいれっく堀ノ内東保育園,東京都杉並区梅里1-1-35,35.696625,139.653046,hoiku,私立認可
293,東京衛生アドベンチスト病院,東京都杉並区天沼3-17-3,35.707851,139.619247,hospital,有床
294,荻窪病院,東京都杉並区今川3-1-24,35.714733,139.607941,hospital,有床
295,河北総合病院,東京都杉並区阿佐谷北1-6-1,35.705574,139.638626,hospital,有床
296,浴風会病院,東京都杉並区高井戸西1-12-1,35.67963,139.609787,hospital,有床
297,越川病院,東京都杉並区上井草4-4-5,35.717316,139.596237,hospital,有床
298,ニューハート・ワタナベ国際病院,東京都杉並区浜田山3-19-11,35.683247,139.629807,hospital,有床
299,浜田山病院,東京都杉並区浜田山4-1-8,35.681488,139.63443,hospital,有床
300,城西病院,東京都杉並区上荻2-42-11,35.708172,139.6147,hospital,有床
301,山中病院,東京都杉並区南荻窪1-5-15,35.694744,139.617279,hospital,有床
302,清川病院,東京都杉並区阿佐谷南2-31-12,35.704121,139.644073,hospital,有床
303,ロイヤル病院,東京都杉並区下高井戸4-6-2,35.670208,139.627914,hospital,有床
304,みやまえ病院,東京都杉並区宮前5-18-16,35.695675,139.602325,hospital,有床
305,杉並リハビリテーション病院,東京都杉並区西荻北2-5-5,35.704201,139.60228,hospital,有床
306,河北リハビリテーション病院,東京都杉並区堀ノ内1-9-27,35.684204,139.650574,hospital,有床
307,藤村病院,東京都杉並区阿佐谷北4-21-20,35.712559,139.634781,hospital,有床
308,杉並病院,東京都杉並区西荻北4-20-2,35.707722,139.594238,hospital,有床
309,河北前田病院,東京都杉並区本天沼1-2-1,35.712543,139.633179,hospital,有床
310,杏林大学医学部付属杉並病院,東京都杉並区和田2-25-1,35.689209,139.656509,hospital,災害拠点病院・二次救急医療機関(2024年開院)
311,特別養護老人ホーム南陽園,東京都杉並区高井戸西1-12-1,35.67963,139.609787,medical,特養(浴風会・浴風会病院と同一敷地)
312,特別養護老人ホーム上井草園,東京都杉並区上井草3-33-10,35.724243,139.602463,medical,特養
313,すぎなみ正吉苑,東京都杉並区清水2-15-24,35.714237,139.618286,medical,特養
314,特別養護老人ホーム和田堀ホーム,東京都杉並区和田2-27-8,35.690464,139.655014,medical,特養
315,特別養護老人ホームおぎくぼ紫苑,東京都杉並区荻窪3-7-30,35.696812,139.625595,medical,特養
316,特別養護老人ホームフェニックス杉並,東京都杉並区天沼3-19-14,35.710262,139.620377,medical,特養(都内最大規模)
317,特別養護老人ホームさんじゅ阿佐谷,東京都杉並区阿佐谷北1-2-1,35.705116,139.639618,medical,特養
318,特別養護老人ホーム沓掛ホーム,東京都杉並区本天沼3-34-28,35.716404,139.62236,medical,特養
319,特別養護老人ホームサンフレンズ善福寺,東京都杉並区善福寺3-27-11,35.715229,139.587357,medical,特養
320,特別養護老人ホーム愛敬苑,東京都杉並区和田1-3-7,35.68948,139.663986,medical,特養(区東端付近で経度が範囲外・要確認)
321,特別養護老人ホームマイルドハート高円寺,東京都杉並区高円寺北1-28-1,35.708057,139.657852,medical,特養
322,早稲田アカデミー井荻校,東京都杉並区上井草1-32-7,35.724663,139.612457,yobiko,
323,早稲田アカデミー荻窪校,東京都杉並区上荻1-19-10,35.706493,139.617477,yobiko,
324,早稲田アカデミー大学受験部荻窪校,東京都杉並区天沼3-4-2,35.705666,139.619827,yobiko,
325,早稲田アカデミー久我山校,東京都杉並区久我山3-25-6,35.68745,139.598846,yobiko,
326,早稲田アカデミー高円寺校,東京都杉並区高円寺南4-27-10,35.704731,139.649887,yobiko,
327,早稲田アカデミー下高井戸校,東京都杉並区下高井戸1-7-7,35.665924,139.63942,yobiko,区南端付近で緯度が範囲外・要確認
328,早稲田アカデミー個別進学館荻窪校,東京都杉並区天沼3-2-6,35.705368,139.621429,yobiko,
329,明光義塾阿佐ヶ谷教室,東京都杉並区阿佐谷北1-29-16,35.707832,139.636475,yobiko,
330,明光義塾久我山教室,東京都杉並区久我山4-1-5,35.688423,139.599396,yobiko,
331,明光義塾下井草教室,東京都杉並区下井草3-41-9,35.723934,139.622574,yobiko,
332,明光義塾西荻窪教室,東京都杉並区西荻北2-12-2,35.705914,139.60141,yobiko,
333,明光義塾方南町教室,東京都杉並区和泉4-51-11,35.683189,139.65657,yobiko,
334,明光義塾南阿佐ヶ谷新高円寺教室,東京都杉並区阿佐谷南1-1-4,35.697861,139.643265,yobiko,
335,TOMAS荻窪校,東京都杉並区天沼3-5-4,35.705997,139.619019,yobiko,
336,ena南阿佐ヶ谷,東京都杉並区阿佐ヶ谷南1-15-5,35.699436,139.63591,yobiko,
337,ena方南町,東京都杉並区方南2-18-4,35.683998,139.6595,yobiko,
338,ena個別阿佐ヶ谷,東京都杉並区阿佐谷北1-29-8,35.708103,139.636093,yobiko,
339,ena個別西永福,東京都杉並区永福3-55-1,35.678692,139.636093,yobiko,
340,ena久我山,東京都杉並区久我山5-8-20,35.688866,139.600143,yobiko,
341,ena西荻窪,東京都杉並区西荻南3-8-8,35.703064,139.600296,yobiko,
342,ena上井草,東京都杉並区井草5-4-11,35.725475,139.603622,yobiko,
343,ena八幡山,東京都杉並区上高井戸1-8-2,35.670151,139.616135,yobiko,
344,ena荻窪,東京都杉並区上荻1-16-16,35.705589,139.61937,yobiko,
345,ena下井草,東京都杉並区下井草2-39-12,35.723026,139.625061,yobiko,
346,ena西永福,東京都杉並区永福3-55-1,35.678692,139.636093,yobiko,
347,ena高円寺,東京都杉並区高円寺北2-6-1,35.706036,139.650116,yobiko,
348,栄光ゼミナール荻窪校,東京都杉並区上荻1-5-2,35.70472,139.621735,yobiko,
